{"vq_loss":0.09144205365862165,"lr":4.0960000000000014e-05,"_step":24,"_wandb":{"runtime":569},"_runtime":569,"epoch":25,"_timestamp":1.765209780971679e+09,"recon_loss":0.012439606338739395,"loss":0.10388165958343991}