{"recon_loss":0.12625474184751512,"_runtime":197,"_timestamp":1.76521684966144e+09,"lr":0.001,"epoch":2,"loss":0.9173034369945526,"_wandb":{"runtime":197},"vq_loss":0.7910487055778503,"_step":0}