{"vq_loss":0.13188612163066865,"epoch":5,"_wandb":{"runtime":2211},"_step":4,"loss":0.2133713945746422,"recon_loss":0.08148527331650257,"lr":0.001,"_timestamp":1.76521913216494e+09,"_runtime":2211}