{"vq_loss":0.026353402722937364,"_step":22,"lr":0.0005120000000000001,"epoch":23,"_runtime":3555,"recon_loss":0.04174884292297065,"_timestamp":1.765223186315393e+09,"_wandb":{"runtime":3555},"loss":0.06810224545188248}