{"vq_loss":0.02519376532962689,"_runtime":4805,"_step":49,"_timestamp":1.7652282630331352e+09,"loss":0.06421268373154677,"recon_loss":0.03121513443497511,"_wandb":{"runtime":4805},"epoch":50,"lr":0.0002621440000000001}