{"_step":0,"recon_loss":0.05843404531478882,"vq_loss":0.08128169775009156,"_timestamp":1.765213481791157e+09,"epoch":1,"loss":0.13971574306488038,"_runtime":39,"lr":0.001,"_wandb":{"runtime":39}}