{"_wandb":{"runtime":333},"loss":0,"_runtime":333,"vq_loss":0,"_timestamp":1.7652125201497788e+09,"epoch":18,"recon_loss":0,"lr":6.400000000000001e-05,"_step":17}